<?xml version="1.0"?>
<data grt_format="2.0">
  <value _ptr_="00000269643070B0" type="list" content-type="object" content-struct-name="db.mgmt.Connection">
    <value type="object" struct-name="db.mgmt.Connection" id="{7E598E45-0541-4133-9843-2FF7F2BF08B6}" struct-checksum="0x96ba47d8">
      <link type="object" struct-name="db.mgmt.Driver" key="driver">com.mysql.rdbms.mysql.driver.native</link>
      <value type="string" key="hostIdentifier">Mysql@localhost:3306</value>
      <value type="int" key="isDefault">1</value>
      <value _ptr_="00000269648E9E00" type="dict" key="modules"/>
      <value _ptr_="00000269648EA100" type="dict" key="parameterValues">
        <value type="string" key="DbSqlEditor:LastDefaultSchema">bible</value>
        <value type="string" key="SQL_MODE"></value>
        <value type="string" key="hostName">localhost</value>
        <value type="int" key="lastConnected">1624562725</value>
        <value type="string" key="password"></value>
        <value type="int" key="port">3306</value>
        <value type="string" key="schema"></value>
        <value type="string" key="serverVersion">8.0.16</value>
        <value type="string" key="sslCA"></value>
        <value type="string" key="sslCert"></value>
        <value type="string" key="sslCipher"></value>
        <value type="string" key="sslKey"></value>
        <value type="int" key="useSSL">1</value>
        <value type="string" key="userName">root</value>
      </value>
      <value type="string" key="name">Local instance MySQL80</value>
      <link type="object" struct-name="GrtObject" key="owner">{251FB0C0-47E2-4A67-8EAB-CFAA50980560}</link>
    </value>
    <value type="object" struct-name="db.mgmt.Connection" id="{9ED0AE61-E067-4E0E-B6E1-3565D64CE35B}" struct-checksum="0x96ba47d8">
      <link type="object" struct-name="db.mgmt.Driver" key="driver">com.mysql.rdbms.mysql.driver.native</link>
      <value type="string" key="hostIdentifier">Mysql@153.92.220.1:3306</value>
      <value type="int" key="isDefault">0</value>
      <value _ptr_="00000269648EA1C0" type="dict" key="modules"/>
      <value _ptr_="00000269648EA340" type="dict" key="parameterValues">
        <value type="string" key="SQL_MODE"></value>
        <value type="string" key="hostName">153.92.220.1</value>
        <value type="int" key="lastConnected">1624553259</value>
        <value type="string" key="password"></value>
        <value type="int" key="port">3306</value>
        <value type="string" key="schema"></value>
        <value type="string" key="serverVersion">10.4.19-MariaDB-cll-lve</value>
        <value type="string" key="sslCA"></value>
        <value type="string" key="sslCert"></value>
        <value type="string" key="sslCipher"></value>
        <value type="string" key="sslKey"></value>
        <value type="int" key="useSSL">1</value>
        <value type="string" key="userName">u158918040_prodeo</value>
      </value>
      <value type="string" key="name">Bible online</value>
      <link type="object" struct-name="GrtObject" key="owner">{251FB0C0-47E2-4A67-8EAB-CFAA50980560}</link>
    </value>
  </value>
</data>
