<?xml version="1.0"?>
<data grt_format="2.0">
  <value _ptr_="0000021BEB0BA800" type="list" content-type="object" content-struct-name="db.mgmt.Connection">
    <value type="object" struct-name="db.mgmt.Connection" id="{7E598E45-0541-4133-9843-2FF7F2BF08B6}" struct-checksum="0x96ba47d8">
      <link type="object" struct-name="db.mgmt.Driver" key="driver">com.mysql.rdbms.mysql.driver.native</link>
      <value type="string" key="hostIdentifier">Mysql@localhost:3306</value>
      <value type="int" key="isDefault">1</value>
      <value _ptr_="0000021BF14EA5B0" type="dict" key="modules"/>
      <value _ptr_="0000021BF14E9A10" type="dict" key="parameterValues">
        <value type="string" key="DbSqlEditor:LastDefaultSchema">bible</value>
        <value type="string" key="SQL_MODE"></value>
        <value type="string" key="hostName">localhost</value>
        <value type="int" key="lastConnected">1590569315</value>
        <value type="string" key="password"></value>
        <value type="int" key="port">3306</value>
        <value type="string" key="schema"></value>
        <value type="string" key="serverVersion">8.0.16</value>
        <value type="string" key="sslCA"></value>
        <value type="string" key="sslCert"></value>
        <value type="string" key="sslCipher"></value>
        <value type="string" key="sslKey"></value>
        <value type="int" key="useSSL">1</value>
        <value type="string" key="userName">root</value>
      </value>
      <value type="string" key="name">Local instance MySQL80</value>
      <link type="object" struct-name="GrtObject" key="owner">{71D9CFAF-90A7-426A-945E-B83D303E34E3}</link>
    </value>
  </value>
</data>
