<?xml version="1.0"?>
<data grt_format="2.0">
  <value _ptr_="0000026964307580" type="list" content-type="object" content-struct-name="db.mgmt.ServerInstance">
    <value type="object" struct-name="db.mgmt.ServerInstance" id="{35434587-5907-4C7A-9C1F-1C35F1B6F2C3}" struct-checksum="0x367436e2">
      <link type="object" struct-name="db.mgmt.Connection" key="connection">{7E598E45-0541-4133-9843-2FF7F2BF08B6}</link>
      <value _ptr_="00000269648EA220" type="dict" key="loginInfo">
        <value type="string" key="wmi.hostName"></value>
        <value type="string" key="wmi.userName"></value>
      </value>
      <value _ptr_="00000269648EA3A0" type="dict" key="serverInfo">
        <value type="string" key="basedir">C:\Wamp\bin\mysql\mysql8.0.18\</value>
        <value type="string" key="datadir">C:\Wamp\bin\mysql\mysql8.0.18\data\</value>
        <value type="string" key="detected_os_name">Windows 10 Home</value>
        <value type="string" key="detected_os_type">windows</value>
        <value type="string" key="detected_os_variant">Windows</value>
        <value type="string" key="detected_os_version">Microsoft Windows [Version 10.0.19042.1052]</value>
        <value type="string" key="errorLogFilePath">ZOWIEZO101.err</value>
        <value type="string" key="generalLogFilePath">C:\Wamp\bin\mysql\mysql8.0.18\data\Zowiezo101.log</value>
        <value type="string" key="serverVersion">8.0.16</value>
        <value type="int" key="setupPending">0</value>
        <value type="int" key="slowLogEnabled">0</value>
        <value type="string" key="slowLogFilePath">C:\Wamp\bin\mysql\mysql8.0.18\data\Zowiezo101-slow.log</value>
        <value type="string" key="sys.config.path">C:\ProgramData\MySQL\MySQL Server 8.0\my.ini</value>
        <value type="int" key="sys.config.path.lock">1</value>
        <value type="string" key="sys.config.section">mysqld</value>
        <value type="string" key="sys.mysqld.service_name">MySQL80</value>
        <value type="string" key="sys.preset">Custom</value>
        <value type="string" key="sys.sudo"></value>
        <value type="string" key="sys.system">Windows</value>
        <value type="int" key="sys.usesudo">1</value>
        <value type="int" key="sys.usesudostatus">0</value>
        <value type="int" key="windowsAdmin">1</value>
      </value>
      <value type="string" key="name">Local MySQL80</value>
    </value>
    <value type="object" struct-name="db.mgmt.ServerInstance" id="{230E5D53-F2F2-44D6-A326-963BB84E00EC}" struct-checksum="0x367436e2">
      <link type="object" struct-name="db.mgmt.Connection" key="connection">{7E598E45-0541-4133-9843-2FF7F2BF08B6}</link>
      <value _ptr_="00000269648EAFA0" type="dict" key="loginInfo">
        <value type="string" key="wmi.hostName"></value>
        <value type="string" key="wmi.userName"></value>
      </value>
      <value _ptr_="00000269648EB060" type="dict" key="serverInfo">
        <value type="int" key="setupPending">1</value>
        <value type="string" key="sys.config.path">C:\ProgramData\MySQL\MySQL Server 8.0\my.ini</value>
        <value type="int" key="sys.config.path.lock">1</value>
        <value type="string" key="sys.config.section">mysqld</value>
        <value type="string" key="sys.mysqld.service_name">MySQL80</value>
        <value type="string" key="sys.preset">Custom</value>
        <value type="string" key="sys.system">Windows</value>
        <value type="int" key="windowsAdmin">1</value>
      </value>
      <value type="string" key="name">Local MySQL80</value>
    </value>
    <value type="object" struct-name="db.mgmt.ServerInstance" id="{E18A597C-3B3B-430E-B4E4-EBD749DA0DA3}" struct-checksum="0x367436e2">
      <link type="object" struct-name="db.mgmt.Connection" key="connection">{7E598E45-0541-4133-9843-2FF7F2BF08B6}</link>
      <value _ptr_="00000269648EB120" type="dict" key="loginInfo">
        <value type="string" key="wmi.hostName"></value>
        <value type="string" key="wmi.userName"></value>
      </value>
      <value _ptr_="00000269648EC080" type="dict" key="serverInfo">
        <value type="int" key="setupPending">1</value>
        <value type="string" key="sys.config.path"></value>
        <value type="string" key="sys.config.section">mysqld</value>
        <value type="string" key="sys.mysqld.service_name">wampmysqld64</value>
        <value type="string" key="sys.preset">Custom</value>
        <value type="string" key="sys.system">Windows</value>
        <value type="int" key="windowsAdmin">1</value>
      </value>
      <value type="string" key="name">Local wampmysqld64</value>
    </value>
    <value type="object" struct-name="db.mgmt.ServerInstance" id="{0297BBC2-B46F-4862-8E8A-C9CF22388BC1}" struct-checksum="0x367436e2">
      <link type="object" struct-name="db.mgmt.Connection" key="connection">{7E598E45-0541-4133-9843-2FF7F2BF08B6}</link>
      <value _ptr_="00000269648ED1C0" type="dict" key="loginInfo">
        <value type="string" key="wmi.hostName"></value>
        <value type="string" key="wmi.userName"></value>
      </value>
      <value _ptr_="0000026965110CB0" type="dict" key="serverInfo">
        <value type="int" key="setupPending">1</value>
        <value type="string" key="sys.config.path">C:\ProgramData\MySQL\MySQL Server 8.0\my.ini</value>
        <value type="int" key="sys.config.path.lock">1</value>
        <value type="string" key="sys.config.section">mysqld</value>
        <value type="string" key="sys.mysqld.service_name">MySQL80</value>
        <value type="string" key="sys.preset">Custom</value>
        <value type="string" key="sys.system">Windows</value>
        <value type="int" key="windowsAdmin">1</value>
      </value>
      <value type="string" key="name">Local MySQL80</value>
    </value>
    <value type="object" struct-name="db.mgmt.ServerInstance" id="{131ED8A5-D696-4A2D-A1EC-E43162DD00E7}" struct-checksum="0x367436e2">
      <link type="object" struct-name="db.mgmt.Connection" key="connection">{7E598E45-0541-4133-9843-2FF7F2BF08B6}</link>
      <value _ptr_="000002696510FDB0" type="dict" key="loginInfo">
        <value type="string" key="wmi.hostName"></value>
        <value type="string" key="wmi.userName"></value>
      </value>
      <value _ptr_="000002696588DF00" type="dict" key="serverInfo">
        <value type="int" key="setupPending">1</value>
        <value type="string" key="sys.config.path"></value>
        <value type="string" key="sys.config.section">mysqld</value>
        <value type="string" key="sys.mysqld.service_name">wampmysqld64</value>
        <value type="string" key="sys.preset">Custom</value>
        <value type="string" key="sys.system">Windows</value>
        <value type="int" key="windowsAdmin">1</value>
      </value>
      <value type="string" key="name">Local wampmysqld64</value>
    </value>
    <value type="object" struct-name="db.mgmt.ServerInstance" id="{7B3C3913-C300-4408-A3D7-6037145454E0}" struct-checksum="0x367436e2">
      <link type="object" struct-name="db.mgmt.Connection" key="connection">{9ED0AE61-E067-4E0E-B6E1-3565D64CE35B}</link>
      <value _ptr_="000002696588D2A0" type="dict" key="loginInfo"/>
      <value _ptr_="000002696588D780" type="dict" key="serverInfo">
        <value type="int" key="setupPending">1</value>
      </value>
      <value type="string" key="name">Bible online</value>
    </value>
  </value>
</data>
